"Email.x","Unique Clicks","Total Clicks","Link Name","JobID","Date","Campaign","Email.y","Sent","Open.Rate","Deliverability.Rate","Unique.Click.Through.Rate","CTOR","Opens","Delivered","Unique_Click_Throughs"
"FA20 Search 1S20 — Email 01",95,112,"https://usm.maine.edu/apply","742135",2019-12-06,"Senior","01",5516,12.48,98.6,2.32,18.31,688,5439,126
"FA20 Search 1S20 — Email 01",75,82,"http://usm.maine.edu","742135",2019-12-06,"Senior","01",5516,12.48,98.6,2.32,18.31,688,5439,126
"FA20 Search 1S20 — Email 01",74,79,"https://usm.maine.edu/residential-life/gender-neutral-housing","742135",2019-12-06,"Senior","01",5516,12.48,98.6,2.32,18.31,688,5439,126
"FA20 Search 1S20 — Email 01",73,87,"https://usm.maine.edu/residential-life/living-learning-communities","742135",2019-12-06,"Senior","01",5516,12.48,98.6,2.32,18.31,688,5439,126
"FA20 Search 1S20 — Email 01",73,86,"https://usm.maine.edu/student-diversity","742135",2019-12-06,"Senior","01",5516,12.48,98.6,2.32,18.31,688,5439,126
"FA20 Search 1S20 — Email 01",73,80,"https://usm.maine.edu/visit#virtualtour","742135",2019-12-06,"Senior","01",5516,12.48,98.6,2.32,18.31,688,5439,126
"FA20 Search 1S20 — Email 01",73,78,"https://usm.maine.edu/office-of-admissions/video-university-everyone","742135",2019-12-06,"Senior","01",5516,12.48,98.6,2.32,18.31,688,5439,126
"FA20 Search 1S20 — Email 01",73,76,"http://facebook.com/USouthernMaine","742135",2019-12-06,"Senior","01",5516,12.48,98.6,2.32,18.31,688,5439,126
"FA20 Search 1S20 — Email 01",73,75,"Engineering students working together","742135",2019-12-06,"Senior","01",5516,12.48,98.6,2.32,18.31,688,5439,126
"FA20 Search 1S20 — Email 01",72,144,"http://twitter.com/USouthernMaine","742135",2019-12-06,"Senior","01",5516,12.48,98.6,2.32,18.31,688,5439,126
"FA20 Search 1S20 — Email 01",51,102,"http://instagram.com/USouthernMaine","742135",2019-12-06,"Senior","01",5516,12.48,98.6,2.32,18.31,688,5439,126
"FA20 Search 1S20 — Email 01",24,69,"Unsubscribe","742135",2019-12-06,"Senior","01",5516,12.48,98.6,2.32,18.31,688,5439,126
"FA20 Search 1S20 — Email 01",24,29,"https://usm.maine.edu/office-of-admissions/new-england-regional-tuition-program","742135",2019-12-06,"Senior","01",5516,12.48,98.6,2.32,18.31,688,5439,126
"FA20 Search 1S20 — Email 01",0,0,"http://click.e-usm.maine.edu/profile_center.aspx?s=%%ex2;subscriberid%%&mid=%%ex2;MemberID%%&j=fec9137477650778&l=%%ex2;listid%%&jb=%%ex2;_JobSubscriberBatchID%%&ju=%%ex2;joburlid%%","742135",2019-12-06,"Senior","01",5516,12.48,98.6,2.32,18.31,688,5439,126
"FA20 Search 1S20 — Email 01",0,0,"http://click.e-usm.maine.edu/unsub_center.aspx?s=%%ex2;subscriberid%%&j=fec9137477650778&mid=%%ex2;MemberID%%&lid=%%ex2;listid%%&jb=%%ex2;_JobSubscriberBatchID%%&ju=%%ex2;joburlid%%","742135",2019-12-06,"Senior","01",5516,12.48,98.6,2.32,18.31,688,5439,126
"FA20 Search 1S20 — Email 01",0,0,"http://linkedin.com/edu/school?id=18589","742135",2019-12-06,"Senior","01",5516,12.48,98.6,2.32,18.31,688,5439,126
"FA20 Search 1S20 — Email 01",0,0,"http://usm.maine.edu/high-school-students","742135",2019-12-06,"Senior","01",5516,12.48,98.6,2.32,18.31,688,5439,126
"FA20 Search 1S20 — Email 01",0,0,"http://view.e-usm.maine.edu/?j=fec9137477650778&m=%%ex2;MemberID%%&ls=%%ex2;listsubid%%&l=%%ex2;listid%%&s=%%ex2;SubscriberID%%&jb=%%ex2;_JobSubscriberBatchID%%&ju=%%ex2;joburlid%%","742135",2019-12-06,"Senior","01",5516,12.48,98.6,2.32,18.31,688,5439,126
"FA20 Search 1S20 — Email 01",0,0,"http://view.e-usm.maine.edu/ftaf.aspx?j=fec9137477650778&m=%%ex2;MemberID%%&ls=%%ex2;listsubid%%&jb=%%ex2;_JobSubscriberBatchID%%","742135",2019-12-06,"Senior","01",5516,12.48,98.6,2.32,18.31,688,5439,126
"FA20 Search 1S20 — Email 01",0,0,"http://youtube.com/user/USouthernMaine","742135",2019-12-06,"Senior","01",5516,12.48,98.6,2.32,18.31,688,5439,126
"FA20 Search 1S20 — Email 01",0,0,"https://facebook.com/usouthernmaine","742135",2019-12-06,"Senior","01",5516,12.48,98.6,2.32,18.31,688,5439,126
"FA20 Search 1S20 — Email 01",0,0,"https://instagram.com/usouthernmaine","742135",2019-12-06,"Senior","01",5516,12.48,98.6,2.32,18.31,688,5439,126
"FA20 Search 1S20 — Email 01",0,0,"https://twitter.com/usouthernmaine","742135",2019-12-06,"Senior","01",5516,12.48,98.6,2.32,18.31,688,5439,126
"FA20 Search 1S20 — Email 01",0,0,"https://www.linkedin.com/school/university-of-southern-maine","742135",2019-12-06,"Senior","01",5516,12.48,98.6,2.32,18.31,688,5439,126
"FA20 Search 1S20 — Email 01",0,0,"https://youtube.com/user/usouthernmaine","742135",2019-12-06,"Senior","01",5516,12.48,98.6,2.32,18.31,688,5439,126
"FA20 Search 1S20 — Email 01",853,1099,"Totals","742135",2019-12-06,"Senior","01",5516,12.48,98.6,2.32,18.31,688,5439,126
"FA20 Search 1S20 — Email 02",95,105,"https://usm.maine.edu/visit#virtualtour","761149",2019-12-19,"Senior","02",5466,15.58,98.52,1.75,11.03,852,5385,94
"FA20 Search 1S20 — Email 02",75,78,"http://usm.maine.edu","761149",2019-12-19,"Senior","02",5466,15.58,98.52,1.75,11.03,852,5385,94
"FA20 Search 1S20 — Email 02",74,79,"https://usm.secure.force.com/events#/list?cid=%%ContactID%%&keyword=Campus+Tour","761149",2019-12-19,"Senior","02",5466,15.58,98.52,1.75,11.03,852,5385,94
"FA20 Search 1S20 — Email 02",73,78,"https://usm.maine.edu/publicaffairs/mapping-where-usm-works-me","761149",2019-12-19,"Senior","02",5466,15.58,98.52,1.75,11.03,852,5385,94
"FA20 Search 1S20 — Email 02",72,72,"https://usm.maine.edu/scholarships","761149",2019-12-19,"Senior","02",5466,15.58,98.52,1.75,11.03,852,5385,94
"FA20 Search 1S20 — Email 02",64,64,"https://usm.maine.edu/student-financial-services/fafsa-process-and-deadline","761149",2019-12-19,"Senior","02",5466,15.58,98.52,1.75,11.03,852,5385,94
"FA20 Search 1S20 — Email 02",34,66,"http://twitter.com/USouthernMaine","761149",2019-12-19,"Senior","02",5466,15.58,98.52,1.75,11.03,852,5385,94
"FA20 Search 1S20 — Email 02",34,62,"http://instagram.com/USouthernMaine","761149",2019-12-19,"Senior","02",5466,15.58,98.52,1.75,11.03,852,5385,94
"FA20 Search 1S20 — Email 02",34,34,"http://facebook.com/USouthernMaine","761149",2019-12-19,"Senior","02",5466,15.58,98.52,1.75,11.03,852,5385,94
"FA20 Search 1S20 — Email 02",33,33,"https://usm.maine.edu/apply","761149",2019-12-19,"Senior","02",5466,15.58,98.52,1.75,11.03,852,5385,94
"FA20 Search 1S20 — Email 02",24,24,"https://usm.maine.edu/office-of-admissions/new-england-regional-tuition-program","761149",2019-12-19,"Senior","02",5466,15.58,98.52,1.75,11.03,852,5385,94
"FA20 Search 1S20 — Email 02",21,21,"http://youtube.com/user/USouthernMaine","761149",2019-12-19,"Senior","02",5466,15.58,98.52,1.75,11.03,852,5385,94
"FA20 Search 1S20 — Email 02",16,55,"Unsubscribe","761149",2019-12-19,"Senior","02",5466,15.58,98.52,1.75,11.03,852,5385,94
"FA20 Search 1S20 — Email 02",0,0,"http://click.e-usm.maine.edu/profile_center.aspx?s=%%ex2;subscriberid%%&mid=%%ex2;MemberID%%&j=fec3137674650074&l=%%ex2;listid%%&jb=%%ex2;_JobSubscriberBatchID%%&ju=%%ex2;joburlid%%","761149",2019-12-19,"Senior","02",5466,15.58,98.52,1.75,11.03,852,5385,94
"FA20 Search 1S20 — Email 02",0,0,"http://click.e-usm.maine.edu/unsub_center.aspx?s=%%ex2;subscriberid%%&j=fec3137674650074&mid=%%ex2;MemberID%%&lid=%%ex2;listid%%&jb=%%ex2;_JobSubscriberBatchID%%&ju=%%ex2;joburlid%%","761149",2019-12-19,"Senior","02",5466,15.58,98.52,1.75,11.03,852,5385,94
"FA20 Search 1S20 — Email 02",0,0,"http://linkedin.com/edu/school?id=18589","761149",2019-12-19,"Senior","02",5466,15.58,98.52,1.75,11.03,852,5385,94
"FA20 Search 1S20 — Email 02",0,0,"http://usm.maine.edu/high-school-students","761149",2019-12-19,"Senior","02",5466,15.58,98.52,1.75,11.03,852,5385,94
"FA20 Search 1S20 — Email 02",0,0,"http://view.e-usm.maine.edu/?j=fec3137674650074&m=%%ex2;MemberID%%&ls=%%ex2;listsubid%%&l=%%ex2;listid%%&s=%%ex2;SubscriberID%%&jb=%%ex2;_JobSubscriberBatchID%%&ju=%%ex2;joburlid%%","761149",2019-12-19,"Senior","02",5466,15.58,98.52,1.75,11.03,852,5385,94
"FA20 Search 1S20 — Email 02",0,0,"http://view.e-usm.maine.edu/ftaf.aspx?j=fec3137674650074&m=%%ex2;MemberID%%&ls=%%ex2;listsubid%%&jb=%%ex2;_JobSubscriberBatchID%%","761149",2019-12-19,"Senior","02",5466,15.58,98.52,1.75,11.03,852,5385,94
"FA20 Search 1S20 — Email 02",0,0,"https://facebook.com/usouthernmaine","761149",2019-12-19,"Senior","02",5466,15.58,98.52,1.75,11.03,852,5385,94
"FA20 Search 1S20 — Email 02",0,0,"https://instagram.com/usouthernmaine","761149",2019-12-19,"Senior","02",5466,15.58,98.52,1.75,11.03,852,5385,94
"FA20 Search 1S20 — Email 02",0,0,"https://twitter.com/usouthernmaine","761149",2019-12-19,"Senior","02",5466,15.58,98.52,1.75,11.03,852,5385,94
"FA20 Search 1S20 — Email 02",0,0,"https://www.linkedin.com/school/university-of-southern-maine","761149",2019-12-19,"Senior","02",5466,15.58,98.52,1.75,11.03,852,5385,94
"FA20 Search 1S20 — Email 02",0,0,"https://youtube.com/user/usouthernmaine","761149",2019-12-19,"Senior","02",5466,15.58,98.52,1.75,11.03,852,5385,94
"FA20 Search 1S20 — Email 02",649,771,"Totals","761149",2019-12-19,"Senior","02",5466,15.58,98.52,1.75,11.03,852,5385,94
"FA20 Search 1S20 — Email 03",99,112,"https://usm.maine.edu/apply","790439",2020-01-09,"Senior","03",5362,15.91,98.47,2.22,13.72,853,5280,117
"FA20 Search 1S20 — Email 03",76,82,"http://usm.maine.edu","790439",2020-01-09,"Senior","03",5362,15.91,98.47,2.22,13.72,853,5280,117
"FA20 Search 1S20 — Email 03",72,84,"https://usm.maine.edu/costs-financial-aid","790439",2020-01-09,"Senior","03",5362,15.91,98.47,2.22,13.72,853,5280,117
"FA20 Search 1S20 — Email 03",72,72,"https://usm.maine.edu/career-and-employment-hub/internships","790439",2020-01-09,"Senior","03",5362,15.91,98.47,2.22,13.72,853,5280,117
"FA20 Search 1S20 — Email 03",71,71,"https://usm.maine.edu/scholarships","790439",2020-01-09,"Senior","03",5362,15.91,98.47,2.22,13.72,853,5280,117
"FA20 Search 1S20 — Email 03",63,63,"https://usm.maine.edu/student-financial-services/fafsa-process-and-deadline","790439",2020-01-09,"Senior","03",5362,15.91,98.47,2.22,13.72,853,5280,117
"FA20 Search 1S20 — Email 03",48,87,"http://twitter.com/USouthernMaine","790439",2020-01-09,"Senior","03",5362,15.91,98.47,2.22,13.72,853,5280,117
"FA20 Search 1S20 — Email 03",48,51,"https://usm.maine.edu/visit#virtualtour","790439",2020-01-09,"Senior","03",5362,15.91,98.47,2.22,13.72,853,5280,117
"FA20 Search 1S20 — Email 03",48,48,"http://facebook.com/USouthernMaine","790439",2020-01-09,"Senior","03",5362,15.91,98.47,2.22,13.72,853,5280,117
"FA20 Search 1S20 — Email 03",37,73,"http://instagram.com/USouthernMaine","790439",2020-01-09,"Senior","03",5362,15.91,98.47,2.22,13.72,853,5280,117
"FA20 Search 1S20 — Email 03",26,31,"https://usm.maine.edu/office-of-admissions/new-england-regional-tuition-program","790439",2020-01-09,"Senior","03",5362,15.91,98.47,2.22,13.72,853,5280,117
"FA20 Search 1S20 — Email 03",14,36,"Unsubscribe","790439",2020-01-09,"Senior","03",5362,15.91,98.47,2.22,13.72,853,5280,117
"FA20 Search 1S20 — Email 03",0,0,"http://click.e-usm.maine.edu/profile_center.aspx?s=%%ex2;subscriberid%%&mid=%%ex2;MemberID%%&j=febf137975600774&l=%%ex2;listid%%&jb=%%ex2;_JobSubscriberBatchID%%&ju=%%ex2;joburlid%%","790439",2020-01-09,"Senior","03",5362,15.91,98.47,2.22,13.72,853,5280,117
"FA20 Search 1S20 — Email 03",0,0,"http://click.e-usm.maine.edu/unsub_center.aspx?s=%%ex2;subscriberid%%&j=febf137975600774&mid=%%ex2;MemberID%%&lid=%%ex2;listid%%&jb=%%ex2;_JobSubscriberBatchID%%&ju=%%ex2;joburlid%%","790439",2020-01-09,"Senior","03",5362,15.91,98.47,2.22,13.72,853,5280,117
"FA20 Search 1S20 — Email 03",0,0,"http://linkedin.com/edu/school?id=18589","790439",2020-01-09,"Senior","03",5362,15.91,98.47,2.22,13.72,853,5280,117
"FA20 Search 1S20 — Email 03",0,0,"http://usm.maine.edu/high-school-students","790439",2020-01-09,"Senior","03",5362,15.91,98.47,2.22,13.72,853,5280,117
"FA20 Search 1S20 — Email 03",0,0,"http://view.e-usm.maine.edu/?j=febf137975600774&m=%%ex2;MemberID%%&ls=%%ex2;listsubid%%&l=%%ex2;listid%%&s=%%ex2;SubscriberID%%&jb=%%ex2;_JobSubscriberBatchID%%&ju=%%ex2;joburlid%%","790439",2020-01-09,"Senior","03",5362,15.91,98.47,2.22,13.72,853,5280,117
"FA20 Search 1S20 — Email 03",0,0,"http://view.e-usm.maine.edu/ftaf.aspx?j=febf137975600774&m=%%ex2;MemberID%%&ls=%%ex2;listsubid%%&jb=%%ex2;_JobSubscriberBatchID%%","790439",2020-01-09,"Senior","03",5362,15.91,98.47,2.22,13.72,853,5280,117
"FA20 Search 1S20 — Email 03",0,0,"http://youtube.com/user/USouthernMaine","790439",2020-01-09,"Senior","03",5362,15.91,98.47,2.22,13.72,853,5280,117
"FA20 Search 1S20 — Email 03",0,0,"https://facebook.com/usouthernmaine","790439",2020-01-09,"Senior","03",5362,15.91,98.47,2.22,13.72,853,5280,117
"FA20 Search 1S20 — Email 03",0,0,"https://instagram.com/usouthernmaine","790439",2020-01-09,"Senior","03",5362,15.91,98.47,2.22,13.72,853,5280,117
"FA20 Search 1S20 — Email 03",0,0,"https://twitter.com/usouthernmaine","790439",2020-01-09,"Senior","03",5362,15.91,98.47,2.22,13.72,853,5280,117
"FA20 Search 1S20 — Email 03",0,0,"https://www.linkedin.com/school/university-of-southern-maine","790439",2020-01-09,"Senior","03",5362,15.91,98.47,2.22,13.72,853,5280,117
"FA20 Search 1S20 — Email 03",0,0,"https://youtube.com/user/usouthernmaine","790439",2020-01-09,"Senior","03",5362,15.91,98.47,2.22,13.72,853,5280,117
"FA20 Search 1S20 — Email 03",674,810,"Totals","790439",2020-01-09,"Senior","03",5362,15.91,98.47,2.22,13.72,853,5280,117
"FA20 Search 1S20 — Email 04",100,112,"https://usm.maine.edu/apply","810750",2020-01-23,"Senior","04",5247,15.02,99.62,2.18,14.47,788,5227,114
"FA20 Search 1S20 — Email 04",69,76,"http://usm.maine.edu","810750",2020-01-23,"Senior","04",5247,15.02,99.62,2.18,14.47,788,5227,114
"FA20 Search 1S20 — Email 04",67,72,"https://usm.maine.edu/scholarships","810750",2020-01-23,"Senior","04",5247,15.02,99.62,2.18,14.47,788,5227,114
"FA20 Search 1S20 — Email 04",67,67,"https://usm.maine.edu/office-of-admissions/video-financial-aid-and-affordability","810750",2020-01-23,"Senior","04",5247,15.02,99.62,2.18,14.47,788,5227,114
"FA20 Search 1S20 — Email 04",48,48,"https://usm.maine.edu/office-of-admissions/video-promise-scholarship","810750",2020-01-23,"Senior","04",5247,15.02,99.62,2.18,14.47,788,5227,114
"FA20 Search 1S20 — Email 04",48,48,"https://usm.maine.edu/office-of-admissions/video-promise-scholarship","810750",2020-01-23,"Senior","04",5247,15.02,99.62,2.18,14.47,788,5227,114
"FA20 Search 1S20 — Email 04",29,29,"https://www.commonapp.org/explore/university-southern-maine","810750",2020-01-23,"Senior","04",5247,15.02,99.62,2.18,14.47,788,5227,114
"FA20 Search 1S20 — Email 04",24,29,"https://usm.maine.edu/office-of-admissions/new-england-regional-tuition-program","810750",2020-01-23,"Senior","04",5247,15.02,99.62,2.18,14.47,788,5227,114
"FA20 Search 1S20 — Email 04",17,18,"https://usm.maine.edu/visit#virtualtour","810750",2020-01-23,"Senior","04",5247,15.02,99.62,2.18,14.47,788,5227,114
"FA20 Search 1S20 — Email 04",16,32,"http://twitter.com/USouthernMaine","810750",2020-01-23,"Senior","04",5247,15.02,99.62,2.18,14.47,788,5227,114
"FA20 Search 1S20 — Email 04",16,25,"http://instagram.com/USouthernMaine","810750",2020-01-23,"Senior","04",5247,15.02,99.62,2.18,14.47,788,5227,114
"FA20 Search 1S20 — Email 04",16,19,"http://facebook.com/USouthernMaine","810750",2020-01-23,"Senior","04",5247,15.02,99.62,2.18,14.47,788,5227,114
"FA20 Search 1S20 — Email 04",12,36,"Unsubscribe","810750",2020-01-23,"Senior","04",5247,15.02,99.62,2.18,14.47,788,5227,114
"FA20 Search 1S20 — Email 04",1,1,"http://usm.maine.edu/high-school-students","810750",2020-01-23,"Senior","04",5247,15.02,99.62,2.18,14.47,788,5227,114
"FA20 Search 1S20 — Email 04",0,0,"http://click.e-usm.maine.edu/profile_center.aspx?s=%%ex2;subscriberid%%&mid=%%ex2;MemberID%%&j=feca1c717563017d&l=%%ex2;listid%%&jb=%%ex2;_JobSubscriberBatchID%%&ju=%%ex2;joburlid%%","810750",2020-01-23,"Senior","04",5247,15.02,99.62,2.18,14.47,788,5227,114
"FA20 Search 1S20 — Email 04",0,0,"http://click.e-usm.maine.edu/unsub_center.aspx?s=%%ex2;subscriberid%%&j=feca1c717563017d&mid=%%ex2;MemberID%%&lid=%%ex2;listid%%&jb=%%ex2;_JobSubscriberBatchID%%&ju=%%ex2;joburlid%%","810750",2020-01-23,"Senior","04",5247,15.02,99.62,2.18,14.47,788,5227,114
"FA20 Search 1S20 — Email 04",0,0,"http://linkedin.com/edu/school?id=18589","810750",2020-01-23,"Senior","04",5247,15.02,99.62,2.18,14.47,788,5227,114
"FA20 Search 1S20 — Email 04",0,0,"http://view.e-usm.maine.edu/?j=feca1c717563017d&m=%%ex2;MemberID%%&ls=%%ex2;listsubid%%&l=%%ex2;listid%%&s=%%ex2;SubscriberID%%&jb=%%ex2;_JobSubscriberBatchID%%&ju=%%ex2;joburlid%%","810750",2020-01-23,"Senior","04",5247,15.02,99.62,2.18,14.47,788,5227,114
"FA20 Search 1S20 — Email 04",0,0,"http://view.e-usm.maine.edu/ftaf.aspx?j=feca1c717563017d&m=%%ex2;MemberID%%&ls=%%ex2;listsubid%%&jb=%%ex2;_JobSubscriberBatchID%%","810750",2020-01-23,"Senior","04",5247,15.02,99.62,2.18,14.47,788,5227,114
"FA20 Search 1S20 — Email 04",0,0,"http://youtube.com/user/USouthernMaine","810750",2020-01-23,"Senior","04",5247,15.02,99.62,2.18,14.47,788,5227,114
"FA20 Search 1S20 — Email 04",0,0,"https://facebook.com/usouthernmaine","810750",2020-01-23,"Senior","04",5247,15.02,99.62,2.18,14.47,788,5227,114
"FA20 Search 1S20 — Email 04",0,0,"https://instagram.com/usouthernmaine","810750",2020-01-23,"Senior","04",5247,15.02,99.62,2.18,14.47,788,5227,114
"FA20 Search 1S20 — Email 04",0,0,"https://twitter.com/usouthernmaine","810750",2020-01-23,"Senior","04",5247,15.02,99.62,2.18,14.47,788,5227,114
"FA20 Search 1S20 — Email 04",0,0,"https://usm.maine.edu/high-school-students","810750",2020-01-23,"Senior","04",5247,15.02,99.62,2.18,14.47,788,5227,114
"FA20 Search 1S20 — Email 04",0,0,"https://www.linkedin.com/school/university-of-southern-maine","810750",2020-01-23,"Senior","04",5247,15.02,99.62,2.18,14.47,788,5227,114
"FA20 Search 1S20 — Email 04",0,0,"https://youtube.com/user/usouthernmaine","810750",2020-01-23,"Senior","04",5247,15.02,99.62,2.18,14.47,788,5227,114
"FA20 Search 1S20 — Email 04",530,612,"Totals","810750",2020-01-23,"Senior","04",5247,15.02,99.62,2.18,14.47,788,5227,114
"FA20 Search 1S20 — Email 05",29,42,"https://usm.maine.edu/apply","832593",2020-02-06,"Senior","05",5212,14.93,99.62,0.87,5.78,778,5192,45
"FA20 Search 1S20 — Email 05",13,40,"Unsubscribe","832593",2020-02-06,"Senior","05",5212,14.93,99.62,0.87,5.78,778,5192,45
"FA20 Search 1S20 — Email 05",2,4,"http://usm.maine.edu","832593",2020-02-06,"Senior","05",5212,14.93,99.62,0.87,5.78,778,5192,45
"FA20 Search 1S20 — Email 05",1,6,"https://usm.maine.edu/sustainability/ecorep","832593",2020-02-06,"Senior","05",5212,14.93,99.62,0.87,5.78,778,5192,45
"FA20 Search 1S20 — Email 05",1,6,"https://usm.maine.edu/sustainability/recycling","832593",2020-02-06,"Senior","05",5212,14.93,99.62,0.87,5.78,778,5192,45
"FA20 Search 1S20 — Email 05",1,5,"http://twitter.com/USouthernMaine","832593",2020-02-06,"Senior","05",5212,14.93,99.62,0.87,5.78,778,5192,45
"FA20 Search 1S20 — Email 05",1,1,"http://usm.maine.edu/high-school-students","832593",2020-02-06,"Senior","05",5212,14.93,99.62,0.87,5.78,778,5192,45
"FA20 Search 1S20 — Email 05",1,1,"https://usm.maine.edu/sustainability/sustainable-landscapes","832593",2020-02-06,"Senior","05",5212,14.93,99.62,0.87,5.78,778,5192,45
"FA20 Search 1S20 — Email 05",0,0,"http://click.e-usm.maine.edu/profile_center.aspx?s=%%ex2;subscriberid%%&mid=%%ex2;MemberID%%&j=fec11c7377610d7e&l=%%ex2;listid%%&jb=%%ex2;_JobSubscriberBatchID%%&ju=%%ex2;joburlid%%","832593",2020-02-06,"Senior","05",5212,14.93,99.62,0.87,5.78,778,5192,45
"FA20 Search 1S20 — Email 05",0,0,"http://click.e-usm.maine.edu/unsub_center.aspx?s=%%ex2;subscriberid%%&j=fec11c7377610d7e&mid=%%ex2;MemberID%%&lid=%%ex2;listid%%&jb=%%ex2;_JobSubscriberBatchID%%&ju=%%ex2;joburlid%%","832593",2020-02-06,"Senior","05",5212,14.93,99.62,0.87,5.78,778,5192,45
"FA20 Search 1S20 — Email 05",0,0,"http://facebook.com/USouthernMaine","832593",2020-02-06,"Senior","05",5212,14.93,99.62,0.87,5.78,778,5192,45
"FA20 Search 1S20 — Email 05",0,0,"http://instagram.com/USouthernMaine","832593",2020-02-06,"Senior","05",5212,14.93,99.62,0.87,5.78,778,5192,45
"FA20 Search 1S20 — Email 05",0,0,"http://linkedin.com/edu/school?id=18589","832593",2020-02-06,"Senior","05",5212,14.93,99.62,0.87,5.78,778,5192,45
"FA20 Search 1S20 — Email 05",0,0,"http://view.e-usm.maine.edu/?j=fec11c7377610d7e&m=%%ex2;MemberID%%&ls=%%ex2;listsubid%%&l=%%ex2;listid%%&s=%%ex2;SubscriberID%%&jb=%%ex2;_JobSubscriberBatchID%%&ju=%%ex2;joburlid%%","832593",2020-02-06,"Senior","05",5212,14.93,99.62,0.87,5.78,778,5192,45
"FA20 Search 1S20 — Email 05",0,0,"http://view.e-usm.maine.edu/ftaf.aspx?j=fec11c7377610d7e&m=%%ex2;MemberID%%&ls=%%ex2;listsubid%%&jb=%%ex2;_JobSubscriberBatchID%%","832593",2020-02-06,"Senior","05",5212,14.93,99.62,0.87,5.78,778,5192,45
"FA20 Search 1S20 — Email 05",0,0,"http://youtube.com/user/USouthernMaine","832593",2020-02-06,"Senior","05",5212,14.93,99.62,0.87,5.78,778,5192,45
"FA20 Search 1S20 — Email 05",0,0,"https://facebook.com/usouthernmaine","832593",2020-02-06,"Senior","05",5212,14.93,99.62,0.87,5.78,778,5192,45
"FA20 Search 1S20 — Email 05",0,0,"https://instagram.com/usouthernmaine","832593",2020-02-06,"Senior","05",5212,14.93,99.62,0.87,5.78,778,5192,45
"FA20 Search 1S20 — Email 05",0,0,"https://twitter.com/usouthernmaine","832593",2020-02-06,"Senior","05",5212,14.93,99.62,0.87,5.78,778,5192,45
"FA20 Search 1S20 — Email 05",0,0,"https://usm.maine.edu/environmental-science/overview","832593",2020-02-06,"Senior","05",5212,14.93,99.62,0.87,5.78,778,5192,45
"FA20 Search 1S20 — Email 05",0,0,"https://usm.maine.edu/high-school-students","832593",2020-02-06,"Senior","05",5212,14.93,99.62,0.87,5.78,778,5192,45
"FA20 Search 1S20 — Email 05",0,0,"https://usm.maine.edu/maps-parking-transportation/bus","832593",2020-02-06,"Senior","05",5212,14.93,99.62,0.87,5.78,778,5192,45
"FA20 Search 1S20 — Email 05",0,0,"https://usm.maine.edu/office-of-admissions/new-england-regional-tuition-program","832593",2020-02-06,"Senior","05",5212,14.93,99.62,0.87,5.78,778,5192,45
"FA20 Search 1S20 — Email 05",0,0,"https://usm.maine.edu/scholarships/merit-scholarships","832593",2020-02-06,"Senior","05",5212,14.93,99.62,0.87,5.78,778,5192,45
"FA20 Search 1S20 — Email 05",0,0,"https://usm.maine.edu/visit#virtualtour","832593",2020-02-06,"Senior","05",5212,14.93,99.62,0.87,5.78,778,5192,45
"FA20 Search 1S20 — Email 05",0,0,"https://www.linkedin.com/school/university-of-southern-maine","832593",2020-02-06,"Senior","05",5212,14.93,99.62,0.87,5.78,778,5192,45
"FA20 Search 1S20 — Email 05",0,0,"https://youtube.com/user/usouthernmaine","832593",2020-02-06,"Senior","05",5212,14.93,99.62,0.87,5.78,778,5192,45
"FA20 Search 1S20 — Email 05",49,105,"Totals","832593",2020-02-06,"Senior","05",5212,14.93,99.62,0.87,5.78,778,5192,45
"FA20 Search 1S20 — Email 06",32,38,"https://usm.maine.edu/apply","877524",2020-03-04,"Senior","06",5251,15.18,98.1,1.15,7.4,797,5151,59
"FA20 Search 1S20 — Email 06",26,69,"Unsubscribe","877524",2020-03-04,"Senior","06",5251,15.18,98.1,1.15,7.4,797,5151,59
"FA20 Search 1S20 — Email 06",2,7,"https://usm.maine.edu/international/study-abroad","877524",2020-03-04,"Senior","06",5251,15.18,98.1,1.15,7.4,797,5151,59
"FA20 Search 1S20 — Email 06",2,7,"https://usm.maine.edu/office-of-admissions/partnership-between-usm-and-iceland-universities","877524",2020-03-04,"Senior","06",5251,15.18,98.1,1.15,7.4,797,5151,59
"FA20 Search 1S20 — Email 06",1,3,"http://usm.maine.edu","877524",2020-03-04,"Senior","06",5251,15.18,98.1,1.15,7.4,797,5151,59
"FA20 Search 1S20 — Email 06",1,1,"http://instagram.com/USouthernMaine","877524",2020-03-04,"Senior","06",5251,15.18,98.1,1.15,7.4,797,5151,59
"FA20 Search 1S20 — Email 06",0,0,"http://click.e-usm.maine.edu/profile_center.aspx?s=%%ex2;subscriberid%%&mid=%%ex2;MemberID%%&j=febe1c7772610679&l=%%ex2;listid%%&jb=%%ex2;_JobSubscriberBatchID%%&ju=%%ex2;joburlid%%","877524",2020-03-04,"Senior","06",5251,15.18,98.1,1.15,7.4,797,5151,59
"FA20 Search 1S20 — Email 06",0,0,"http://click.e-usm.maine.edu/unsub_center.aspx?s=%%ex2;subscriberid%%&j=febe1c7772610679&mid=%%ex2;MemberID%%&lid=%%ex2;listid%%&jb=%%ex2;_JobSubscriberBatchID%%&ju=%%ex2;joburlid%%","877524",2020-03-04,"Senior","06",5251,15.18,98.1,1.15,7.4,797,5151,59
"FA20 Search 1S20 — Email 06",0,0,"http://facebook.com/USouthernMaine","877524",2020-03-04,"Senior","06",5251,15.18,98.1,1.15,7.4,797,5151,59
"FA20 Search 1S20 — Email 06",0,0,"http://linkedin.com/edu/school?id=18589","877524",2020-03-04,"Senior","06",5251,15.18,98.1,1.15,7.4,797,5151,59
"FA20 Search 1S20 — Email 06",0,0,"http://twitter.com/USouthernMaine","877524",2020-03-04,"Senior","06",5251,15.18,98.1,1.15,7.4,797,5151,59
"FA20 Search 1S20 — Email 06",0,0,"http://usm.maine.edu/high-school-students","877524",2020-03-04,"Senior","06",5251,15.18,98.1,1.15,7.4,797,5151,59
"FA20 Search 1S20 — Email 06",0,0,"http://view.e-usm.maine.edu/?j=febe1c7772610679&m=%%ex2;MemberID%%&ls=%%ex2;listsubid%%&l=%%ex2;listid%%&s=%%ex2;SubscriberID%%&jb=%%ex2;_JobSubscriberBatchID%%&ju=%%ex2;joburlid%%","877524",2020-03-04,"Senior","06",5251,15.18,98.1,1.15,7.4,797,5151,59
"FA20 Search 1S20 — Email 06",0,0,"http://view.e-usm.maine.edu/ftaf.aspx?j=febe1c7772610679&m=%%ex2;MemberID%%&ls=%%ex2;listsubid%%&jb=%%ex2;_JobSubscriberBatchID%%","877524",2020-03-04,"Senior","06",5251,15.18,98.1,1.15,7.4,797,5151,59
"FA20 Search 1S20 — Email 06",0,0,"http://youtube.com/user/USouthernMaine","877524",2020-03-04,"Senior","06",5251,15.18,98.1,1.15,7.4,797,5151,59
"FA20 Search 1S20 — Email 06",0,0,"https://facebook.com/usouthernmaine","877524",2020-03-04,"Senior","06",5251,15.18,98.1,1.15,7.4,797,5151,59
"FA20 Search 1S20 — Email 06",0,0,"https://instagram.com/usouthernmaine","877524",2020-03-04,"Senior","06",5251,15.18,98.1,1.15,7.4,797,5151,59
"FA20 Search 1S20 — Email 06",0,0,"https://twitter.com/usouthernmaine","877524",2020-03-04,"Senior","06",5251,15.18,98.1,1.15,7.4,797,5151,59
"FA20 Search 1S20 — Email 06",0,0,"https://usm.maine.edu/high-school-students","877524",2020-03-04,"Senior","06",5251,15.18,98.1,1.15,7.4,797,5151,59
"FA20 Search 1S20 — Email 06",0,0,"https://usm.maine.edu/honors/honors-abroad-overview","877524",2020-03-04,"Senior","06",5251,15.18,98.1,1.15,7.4,797,5151,59
"FA20 Search 1S20 — Email 06",0,0,"https://usm.maine.edu/office-of-admissions/new-england-regional-tuition-program","877524",2020-03-04,"Senior","06",5251,15.18,98.1,1.15,7.4,797,5151,59
"FA20 Search 1S20 — Email 06",0,0,"https://usm.maine.edu/scholarships/merit-scholarships","877524",2020-03-04,"Senior","06",5251,15.18,98.1,1.15,7.4,797,5151,59
"FA20 Search 1S20 — Email 06",0,0,"https://usm.maine.edu/visit#virtualtour","877524",2020-03-04,"Senior","06",5251,15.18,98.1,1.15,7.4,797,5151,59
"FA20 Search 1S20 — Email 06",0,0,"https://www.linkedin.com/school/university-of-southern-maine","877524",2020-03-04,"Senior","06",5251,15.18,98.1,1.15,7.4,797,5151,59
"FA20 Search 1S20 — Email 06",0,0,"https://youtube.com/user/usouthernmaine","877524",2020-03-04,"Senior","06",5251,15.18,98.1,1.15,7.4,797,5151,59
"FA20 Search 1S20 — Email 06",64,125,"Totals","877524",2020-03-04,"Senior","06",5251,15.18,98.1,1.15,7.4,797,5151,59
"FA20 Search 1S20 — Email 07",35,45,"https://usm.maine.edu/apply","890526",2020-03-11,"Senior","07",5213,14.95,98.06,1,6.55,779,5112,51
"FA20 Search 1S20 — Email 07",16,49,"Unsubscribe","890526",2020-03-11,"Senior","07",5213,14.95,98.06,1,6.55,779,5112,51
"FA20 Search 1S20 — Email 07",2,4,"http://usm.maine.edu","890526",2020-03-11,"Senior","07",5213,14.95,98.06,1,6.55,779,5112,51
"FA20 Search 1S20 — Email 07",1,8,"https://usm.maine.edu/scholarships/merit-scholarships","890526",2020-03-11,"Senior","07",5213,14.95,98.06,1,6.55,779,5112,51
"FA20 Search 1S20 — Email 07",1,6,"https://usm.maine.edu/office-of-admissions/new-england-regional-tuition-program","890526",2020-03-11,"Senior","07",5213,14.95,98.06,1,6.55,779,5112,51
"FA20 Search 1S20 — Email 07",0,0,"http://click.e-usm.maine.edu/profile_center.aspx?s=%%ex2;subscriberid%%&mid=%%ex2;MemberID%%&j=fec11c797561067b&l=%%ex2;listid%%&jb=%%ex2;_JobSubscriberBatchID%%&ju=%%ex2;joburlid%%","890526",2020-03-11,"Senior","07",5213,14.95,98.06,1,6.55,779,5112,51
"FA20 Search 1S20 — Email 07",0,0,"http://click.e-usm.maine.edu/unsub_center.aspx?s=%%ex2;subscriberid%%&j=fec11c797561067b&mid=%%ex2;MemberID%%&lid=%%ex2;listid%%&jb=%%ex2;_JobSubscriberBatchID%%&ju=%%ex2;joburlid%%","890526",2020-03-11,"Senior","07",5213,14.95,98.06,1,6.55,779,5112,51
"FA20 Search 1S20 — Email 07",0,0,"http://facebook.com/USouthernMaine","890526",2020-03-11,"Senior","07",5213,14.95,98.06,1,6.55,779,5112,51
"FA20 Search 1S20 — Email 07",0,0,"http://instagram.com/USouthernMaine","890526",2020-03-11,"Senior","07",5213,14.95,98.06,1,6.55,779,5112,51
"FA20 Search 1S20 — Email 07",0,0,"http://linkedin.com/edu/school?id=18589","890526",2020-03-11,"Senior","07",5213,14.95,98.06,1,6.55,779,5112,51
"FA20 Search 1S20 — Email 07",0,0,"http://twitter.com/USouthernMaine","890526",2020-03-11,"Senior","07",5213,14.95,98.06,1,6.55,779,5112,51
"FA20 Search 1S20 — Email 07",0,0,"http://usm.maine.edu/high-school-students","890526",2020-03-11,"Senior","07",5213,14.95,98.06,1,6.55,779,5112,51
"FA20 Search 1S20 — Email 07",0,0,"http://view.e-usm.maine.edu/?j=fec11c797561067b&m=%%ex2;MemberID%%&ls=%%ex2;listsubid%%&l=%%ex2;listid%%&s=%%ex2;SubscriberID%%&jb=%%ex2;_JobSubscriberBatchID%%&ju=%%ex2;joburlid%%","890526",2020-03-11,"Senior","07",5213,14.95,98.06,1,6.55,779,5112,51
"FA20 Search 1S20 — Email 07",0,0,"http://view.e-usm.maine.edu/ftaf.aspx?j=fec11c797561067b&m=%%ex2;MemberID%%&ls=%%ex2;listsubid%%&jb=%%ex2;_JobSubscriberBatchID%%","890526",2020-03-11,"Senior","07",5213,14.95,98.06,1,6.55,779,5112,51
"FA20 Search 1S20 — Email 07",0,0,"http://youtube.com/user/USouthernMaine","890526",2020-03-11,"Senior","07",5213,14.95,98.06,1,6.55,779,5112,51
"FA20 Search 1S20 — Email 07",0,0,"https://facebook.com/usouthernmaine","890526",2020-03-11,"Senior","07",5213,14.95,98.06,1,6.55,779,5112,51
"FA20 Search 1S20 — Email 07",0,0,"https://instagram.com/usouthernmaine","890526",2020-03-11,"Senior","07",5213,14.95,98.06,1,6.55,779,5112,51
"FA20 Search 1S20 — Email 07",0,0,"https://twitter.com/usouthernmaine","890526",2020-03-11,"Senior","07",5213,14.95,98.06,1,6.55,779,5112,51
"FA20 Search 1S20 — Email 07",0,0,"https://usm.maine.edu/advising/fifteen-finish","890526",2020-03-11,"Senior","07",5213,14.95,98.06,1,6.55,779,5112,51
"FA20 Search 1S20 — Email 07",0,0,"https://usm.maine.edu/advising/services","890526",2020-03-11,"Senior","07",5213,14.95,98.06,1,6.55,779,5112,51
"FA20 Search 1S20 — Email 07",0,0,"https://usm.maine.edu/core/usm-core-curriculum#sequencing","890526",2020-03-11,"Senior","07",5213,14.95,98.06,1,6.55,779,5112,51
"FA20 Search 1S20 — Email 07",0,0,"https://usm.maine.edu/high-school-students","890526",2020-03-11,"Senior","07",5213,14.95,98.06,1,6.55,779,5112,51
"FA20 Search 1S20 — Email 07",0,0,"https://usm.maine.edu/visit#virtualtour","890526",2020-03-11,"Senior","07",5213,14.95,98.06,1,6.55,779,5112,51
"FA20 Search 1S20 — Email 07",0,0,"https://www.linkedin.com/school/university-of-southern-maine","890526",2020-03-11,"Senior","07",5213,14.95,98.06,1,6.55,779,5112,51
"FA20 Search 1S20 — Email 07",0,0,"https://youtube.com/user/usouthernmaine","890526",2020-03-11,"Senior","07",5213,14.95,98.06,1,6.55,779,5112,51
"FA20 Search 1S20 — Email 07",55,112,"Totals","890526",2020-03-11,"Senior","07",5213,14.95,98.06,1,6.55,779,5112,51
"FA20 Search 1J21 — Email 01",485,553,"https://usm.maine.edu/office-of-admissions/contact-us?id=%%ContactId%%","742137",2019-12-06,"Junior","01",17059,22.99,97.78,3.32,14.13,3922,16680,554
"FA20 Search 1J21 — Email 01",318,337,"http://usm.maine.edu","742137",2019-12-06,"Junior","01",17059,22.99,97.78,3.32,14.13,3922,16680,554
"FA20 Search 1J21 — Email 01",315,351,"https://usm.maine.edu/residential-life/living-learning-communities","742137",2019-12-06,"Junior","01",17059,22.99,97.78,3.32,14.13,3922,16680,554
"FA20 Search 1J21 — Email 01",313,323,"https://usm.maine.edu/residential-life/gender-neutral-housing","742137",2019-12-06,"Junior","01",17059,22.99,97.78,3.32,14.13,3922,16680,554
"FA20 Search 1J21 — Email 01",312,336,"https://usm.maine.edu/student-diversity","742137",2019-12-06,"Junior","01",17059,22.99,97.78,3.32,14.13,3922,16680,554
"FA20 Search 1J21 — Email 01",304,309,"https://usm.maine.edu/office-of-admissions/university-everyone-video","742137",2019-12-06,"Junior","01",17059,22.99,97.78,3.32,14.13,3922,16680,554
"FA20 Search 1J21 — Email 01",294,299,"https://usm.maine.edu/visit#virtualtour","742137",2019-12-06,"Junior","01",17059,22.99,97.78,3.32,14.13,3922,16680,554
"FA20 Search 1J21 — Email 01",285,568,"http://twitter.com/USouthernMaine","742137",2019-12-06,"Junior","01",17059,22.99,97.78,3.32,14.13,3922,16680,554
"FA20 Search 1J21 — Email 01",284,284,"http://facebook.com/USouthernMaine","742137",2019-12-06,"Junior","01",17059,22.99,97.78,3.32,14.13,3922,16680,554
"FA20 Search 1J21 — Email 01",161,168,"https://usm.maine.edu/office-of-admissions/new-england-regional-tuition-program","742137",2019-12-06,"Junior","01",17059,22.99,97.78,3.32,14.13,3922,16680,554
"FA20 Search 1J21 — Email 01",146,291,"http://instagram.com/USouthernMaine","742137",2019-12-06,"Junior","01",17059,22.99,97.78,3.32,14.13,3922,16680,554
"FA20 Search 1J21 — Email 01",34,85,"Unsubscribe","742137",2019-12-06,"Junior","01",17059,22.99,97.78,3.32,14.13,3922,16680,554
"FA20 Search 1J21 — Email 01",4,4,"http://view.e-usm.maine.edu/?j=fec713747765077a&m=%%ex2;MemberID%%&ls=%%ex2;listsubid%%&l=%%ex2;listid%%&s=%%ex2;SubscriberID%%&jb=%%ex2;_JobSubscriberBatchID%%&ju=%%ex2;joburlid%%","742137",2019-12-06,"Junior","01",17059,22.99,97.78,3.32,14.13,3922,16680,554
"FA20 Search 1J21 — Email 01",3,4,"http://usm.maine.edu/high-school-students","742137",2019-12-06,"Junior","01",17059,22.99,97.78,3.32,14.13,3922,16680,554
"FA20 Search 1J21 — Email 01",2,3,"http://click.e-usm.maine.edu/profile_center.aspx?s=%%ex2;subscriberid%%&mid=%%ex2;MemberID%%&j=fec713747765077a&l=%%ex2;listid%%&jb=%%ex2;_JobSubscriberBatchID%%&ju=%%ex2;joburlid%%","742137",2019-12-06,"Junior","01",17059,22.99,97.78,3.32,14.13,3922,16680,554
"FA20 Search 1J21 — Email 01",0,0,"http://click.e-usm.maine.edu/unsub_center.aspx?s=%%ex2;subscriberid%%&j=fec713747765077a&mid=%%ex2;MemberID%%&lid=%%ex2;listid%%&jb=%%ex2;_JobSubscriberBatchID%%&ju=%%ex2;joburlid%%","742137",2019-12-06,"Junior","01",17059,22.99,97.78,3.32,14.13,3922,16680,554
"FA20 Search 1J21 — Email 01",0,0,"http://linkedin.com/edu/school?id=18589","742137",2019-12-06,"Junior","01",17059,22.99,97.78,3.32,14.13,3922,16680,554
"FA20 Search 1J21 — Email 01",0,0,"http://view.e-usm.maine.edu/ftaf.aspx?j=fec713747765077a&m=%%ex2;MemberID%%&ls=%%ex2;listsubid%%&jb=%%ex2;_JobSubscriberBatchID%%","742137",2019-12-06,"Junior","01",17059,22.99,97.78,3.32,14.13,3922,16680,554
"FA20 Search 1J21 — Email 01",0,0,"http://youtube.com/user/USouthernMaine","742137",2019-12-06,"Junior","01",17059,22.99,97.78,3.32,14.13,3922,16680,554
"FA20 Search 1J21 — Email 01",0,0,"https://facebook.com/usouthernmaine","742137",2019-12-06,"Junior","01",17059,22.99,97.78,3.32,14.13,3922,16680,554
"FA20 Search 1J21 — Email 01",0,0,"https://instagram.com/usouthernmaine","742137",2019-12-06,"Junior","01",17059,22.99,97.78,3.32,14.13,3922,16680,554
"FA20 Search 1J21 — Email 01",0,0,"https://twitter.com/usouthernmaine","742137",2019-12-06,"Junior","01",17059,22.99,97.78,3.32,14.13,3922,16680,554
"FA20 Search 1J21 — Email 01",0,0,"https://www.linkedin.com/school/university-of-southern-maine","742137",2019-12-06,"Junior","01",17059,22.99,97.78,3.32,14.13,3922,16680,554
"FA20 Search 1J21 — Email 01",0,0,"https://youtube.com/user/usouthernmaine","742137",2019-12-06,"Junior","01",17059,22.99,97.78,3.32,14.13,3922,16680,554
"FA20 Search 1J21 — Email 01",3260,3915,"Totals","742137",2019-12-06,"Junior","01",17059,22.99,97.78,3.32,14.13,3922,16680,554
"FA20 Search 1J21 — Email 02",487,512,"https://usm.maine.edu/visit#virtualtour","761147",2019-12-19,"Junior","02",16986,20.23,97.77,2.75,13.3,3436,16607,457
"FA20 Search 1J21 — Email 02",320,327,"http://usm.maine.edu","761147",2019-12-19,"Junior","02",16986,20.23,97.77,2.75,13.3,3436,16607,457
"FA20 Search 1J21 — Email 02",317,327,"https://usm.maine.edu/publicaffairs/mapping-where-usm-works-me","761147",2019-12-19,"Junior","02",16986,20.23,97.77,2.75,13.3,3436,16607,457
"FA20 Search 1J21 — Email 02",314,324,"https://usm.secure.force.com/events#/list?cid=%%ContactID%%&keyword=Campus+Tour","761147",2019-12-19,"Junior","02",16986,20.23,97.77,2.75,13.3,3436,16607,457
"FA20 Search 1J21 — Email 02",311,311,"https://usm.maine.edu/scholarships","761147",2019-12-19,"Junior","02",16986,20.23,97.77,2.75,13.3,3436,16607,457
"FA20 Search 1J21 — Email 02",150,150,"https://usm.maine.edu/office-of-admissions/new-england-regional-tuition-program","761147",2019-12-19,"Junior","02",16986,20.23,97.77,2.75,13.3,3436,16607,457
"FA20 Search 1J21 — Email 02",147,283,"http://twitter.com/USouthernMaine","761147",2019-12-19,"Junior","02",16986,20.23,97.77,2.75,13.3,3436,16607,457
"FA20 Search 1J21 — Email 02",145,276,"http://instagram.com/USouthernMaine","761147",2019-12-19,"Junior","02",16986,20.23,97.77,2.75,13.3,3436,16607,457
"FA20 Search 1J21 — Email 02",145,146,"http://youtube.com/user/USouthernMaine","761147",2019-12-19,"Junior","02",16986,20.23,97.77,2.75,13.3,3436,16607,457
"FA20 Search 1J21 — Email 02",144,144,"http://facebook.com/USouthernMaine","761147",2019-12-19,"Junior","02",16986,20.23,97.77,2.75,13.3,3436,16607,457
"FA20 Search 1J21 — Email 02",79,79,"http://linkedin.com/edu/school?id=18589","761147",2019-12-19,"Junior","02",16986,20.23,97.77,2.75,13.3,3436,16607,457
"FA20 Search 1J21 — Email 02",24,65,"Unsubscribe","761147",2019-12-19,"Junior","02",16986,20.23,97.77,2.75,13.3,3436,16607,457
"FA20 Search 1J21 — Email 02",3,3,"http://view.e-usm.maine.edu/?j=fec513767465007a&m=%%ex2;MemberID%%&ls=%%ex2;listsubid%%&l=%%ex2;listid%%&s=%%ex2;SubscriberID%%&jb=%%ex2;_JobSubscriberBatchID%%&ju=%%ex2;joburlid%%","761147",2019-12-19,"Junior","02",16986,20.23,97.77,2.75,13.3,3436,16607,457
"FA20 Search 1J21 — Email 02",2,3,"http://click.e-usm.maine.edu/profile_center.aspx?s=%%ex2;subscriberid%%&mid=%%ex2;MemberID%%&j=fec513767465007a&l=%%ex2;listid%%&jb=%%ex2;_JobSubscriberBatchID%%&ju=%%ex2;joburlid%%","761147",2019-12-19,"Junior","02",16986,20.23,97.77,2.75,13.3,3436,16607,457
"FA20 Search 1J21 — Email 02",0,0,"http://click.e-usm.maine.edu/unsub_center.aspx?s=%%ex2;subscriberid%%&j=fec513767465007a&mid=%%ex2;MemberID%%&lid=%%ex2;listid%%&jb=%%ex2;_JobSubscriberBatchID%%&ju=%%ex2;joburlid%%","761147",2019-12-19,"Junior","02",16986,20.23,97.77,2.75,13.3,3436,16607,457
"FA20 Search 1J21 — Email 02",0,0,"http://usm.maine.edu/high-school-students","761147",2019-12-19,"Junior","02",16986,20.23,97.77,2.75,13.3,3436,16607,457
"FA20 Search 1J21 — Email 02",0,0,"http://view.e-usm.maine.edu/ftaf.aspx?j=fec513767465007a&m=%%ex2;MemberID%%&ls=%%ex2;listsubid%%&jb=%%ex2;_JobSubscriberBatchID%%","761147",2019-12-19,"Junior","02",16986,20.23,97.77,2.75,13.3,3436,16607,457
"FA20 Search 1J21 — Email 02",0,0,"https://facebook.com/usouthernmaine","761147",2019-12-19,"Junior","02",16986,20.23,97.77,2.75,13.3,3436,16607,457
"FA20 Search 1J21 — Email 02",0,0,"https://instagram.com/usouthernmaine","761147",2019-12-19,"Junior","02",16986,20.23,97.77,2.75,13.3,3436,16607,457
"FA20 Search 1J21 — Email 02",0,0,"https://twitter.com/usouthernmaine","761147",2019-12-19,"Junior","02",16986,20.23,97.77,2.75,13.3,3436,16607,457
"FA20 Search 1J21 — Email 02",0,0,"https://www.linkedin.com/school/university-of-southern-maine","761147",2019-12-19,"Junior","02",16986,20.23,97.77,2.75,13.3,3436,16607,457
"FA20 Search 1J21 — Email 02",0,0,"https://youtube.com/user/usouthernmaine","761147",2019-12-19,"Junior","02",16986,20.23,97.77,2.75,13.3,3436,16607,457
"FA20 Search 1J21 — Email 02",2588,2950,"Totals","761147",2019-12-19,"Junior","02",16986,20.23,97.77,2.75,13.3,3436,16607,457
"FA20 Search 1J21 — Email 03",501,525,"https://usm.maine.edu/apply","790440",2020-01-09,"Junior","03",16838,20.12,97.79,2.92,14.2,3388,16466,481
"FA20 Search 1J21 — Email 03",308,320,"http://usm.maine.edu","790440",2020-01-09,"Junior","03",16838,20.12,97.79,2.92,14.2,3388,16466,481
"FA20 Search 1J21 — Email 03",307,327,"https://usm.maine.edu/costs-financial-aid","790440",2020-01-09,"Junior","03",16838,20.12,97.79,2.92,14.2,3388,16466,481
"FA20 Search 1J21 — Email 03",306,306,"https://usm.maine.edu/scholarships","790440",2020-01-09,"Junior","03",16838,20.12,97.79,2.92,14.2,3388,16466,481
"FA20 Search 1J21 — Email 03",304,304,"https://usm.maine.edu/career-and-employment-hub/internships","790440",2020-01-09,"Junior","03",16838,20.12,97.79,2.92,14.2,3388,16466,481
"FA20 Search 1J21 — Email 03",257,257,"https://usm.maine.edu/student-financial-services/fafsa-process-and-deadline","790440",2020-01-09,"Junior","03",16838,20.12,97.79,2.92,14.2,3388,16466,481
"FA20 Search 1J21 — Email 03",221,225,"https://usm.maine.edu/visit#virtualtour","790440",2020-01-09,"Junior","03",16838,20.12,97.79,2.92,14.2,3388,16466,481
"FA20 Search 1J21 — Email 03",211,403,"http://twitter.com/USouthernMaine","790440",2020-01-09,"Junior","03",16838,20.12,97.79,2.92,14.2,3388,16466,481
"FA20 Search 1J21 — Email 03",211,211,"http://facebook.com/USouthernMaine","790440",2020-01-09,"Junior","03",16838,20.12,97.79,2.92,14.2,3388,16466,481
"FA20 Search 1J21 — Email 03",157,168,"https://usm.maine.edu/office-of-admissions/new-england-regional-tuition-program","790440",2020-01-09,"Junior","03",16838,20.12,97.79,2.92,14.2,3388,16466,481
"FA20 Search 1J21 — Email 03",114,227,"http://instagram.com/USouthernMaine","790440",2020-01-09,"Junior","03",16838,20.12,97.79,2.92,14.2,3388,16466,481
"FA20 Search 1J21 — Email 03",23,65,"Unsubscribe","790440",2020-01-09,"Junior","03",16838,20.12,97.79,2.92,14.2,3388,16466,481
"FA20 Search 1J21 — Email 03",1,2,"http://click.e-usm.maine.edu/profile_center.aspx?s=%%ex2;subscriberid%%&mid=%%ex2;MemberID%%&j=fec713797560007d&l=%%ex2;listid%%&jb=%%ex2;_JobSubscriberBatchID%%&ju=%%ex2;joburlid%%","790440",2020-01-09,"Junior","03",16838,20.12,97.79,2.92,14.2,3388,16466,481
"FA20 Search 1J21 — Email 03",0,0,"http://click.e-usm.maine.edu/unsub_center.aspx?s=%%ex2;subscriberid%%&j=fec713797560007d&mid=%%ex2;MemberID%%&lid=%%ex2;listid%%&jb=%%ex2;_JobSubscriberBatchID%%&ju=%%ex2;joburlid%%","790440",2020-01-09,"Junior","03",16838,20.12,97.79,2.92,14.2,3388,16466,481
"FA20 Search 1J21 — Email 03",0,0,"http://linkedin.com/edu/school?id=18589","790440",2020-01-09,"Junior","03",16838,20.12,97.79,2.92,14.2,3388,16466,481
"FA20 Search 1J21 — Email 03",0,0,"http://usm.maine.edu/high-school-students","790440",2020-01-09,"Junior","03",16838,20.12,97.79,2.92,14.2,3388,16466,481
"FA20 Search 1J21 — Email 03",0,0,"http://view.e-usm.maine.edu/?j=fec713797560007d&m=%%ex2;MemberID%%&ls=%%ex2;listsubid%%&l=%%ex2;listid%%&s=%%ex2;SubscriberID%%&jb=%%ex2;_JobSubscriberBatchID%%&ju=%%ex2;joburlid%%","790440",2020-01-09,"Junior","03",16838,20.12,97.79,2.92,14.2,3388,16466,481
"FA20 Search 1J21 — Email 03",0,0,"http://view.e-usm.maine.edu/ftaf.aspx?j=fec713797560007d&m=%%ex2;MemberID%%&ls=%%ex2;listsubid%%&jb=%%ex2;_JobSubscriberBatchID%%","790440",2020-01-09,"Junior","03",16838,20.12,97.79,2.92,14.2,3388,16466,481
"FA20 Search 1J21 — Email 03",0,0,"http://youtube.com/user/USouthernMaine","790440",2020-01-09,"Junior","03",16838,20.12,97.79,2.92,14.2,3388,16466,481
"FA20 Search 1J21 — Email 03",0,0,"https://facebook.com/usouthernmaine","790440",2020-01-09,"Junior","03",16838,20.12,97.79,2.92,14.2,3388,16466,481
"FA20 Search 1J21 — Email 03",0,0,"https://instagram.com/usouthernmaine","790440",2020-01-09,"Junior","03",16838,20.12,97.79,2.92,14.2,3388,16466,481
"FA20 Search 1J21 — Email 03",0,0,"https://twitter.com/usouthernmaine","790440",2020-01-09,"Junior","03",16838,20.12,97.79,2.92,14.2,3388,16466,481
"FA20 Search 1J21 — Email 03",0,0,"https://www.linkedin.com/school/university-of-southern-maine","790440",2020-01-09,"Junior","03",16838,20.12,97.79,2.92,14.2,3388,16466,481
"FA20 Search 1J21 — Email 03",0,0,"https://youtube.com/user/usouthernmaine","790440",2020-01-09,"Junior","03",16838,20.12,97.79,2.92,14.2,3388,16466,481
"FA20 Search 1J21 — Email 03",2921,3340,"Totals","790440",2020-01-09,"Junior","03",16838,20.12,97.79,2.92,14.2,3388,16466,481
"FA20 Search 1J21 — Email 04",524,539,"https://usm.maine.edu/office-of-admissions/contact-us?id=%%ContactId%%&k=%%AccessKey%%","810751",2020-01-23,"Junior","04",16425,18.29,99.78,3.27,17.84,3004,16389,536
"FA20 Search 1J21 — Email 04",312,322,"http://usm.maine.edu","810751",2020-01-23,"Junior","04",16425,18.29,99.78,3.27,17.84,3004,16389,536
"FA20 Search 1J21 — Email 04",308,318,"https://usm.maine.edu/scholarships","810751",2020-01-23,"Junior","04",16425,18.29,99.78,3.27,17.84,3004,16389,536
"FA20 Search 1J21 — Email 04",305,305,"https://usm.maine.edu/office-of-admissions/financial-aid-video","810751",2020-01-23,"Junior","04",16425,18.29,99.78,3.27,17.84,3004,16389,536
"FA20 Search 1J21 — Email 04",160,160,"https://usm.maine.edu/office-of-admissions/promise-scholarship-video","810751",2020-01-23,"Junior","04",16425,18.29,99.78,3.27,17.84,3004,16389,536
"FA20 Search 1J21 — Email 04",157,167,"https://usm.maine.edu/office-of-admissions/new-england-regional-tuition-program","810751",2020-01-23,"Junior","04",16425,18.29,99.78,3.27,17.84,3004,16389,536
"FA20 Search 1J21 — Email 04",139,142,"https://usm.maine.edu/visit#virtualtour","810751",2020-01-23,"Junior","04",16425,18.29,99.78,3.27,17.84,3004,16389,536
"FA20 Search 1J21 — Email 04",136,197,"http://twitter.com/USouthernMaine","810751",2020-01-23,"Junior","04",16425,18.29,99.78,3.27,17.84,3004,16389,536
"FA20 Search 1J21 — Email 04",136,162,"http://instagram.com/USouthernMaine","810751",2020-01-23,"Junior","04",16425,18.29,99.78,3.27,17.84,3004,16389,536
"FA20 Search 1J21 — Email 04",136,140,"http://facebook.com/USouthernMaine","810751",2020-01-23,"Junior","04",16425,18.29,99.78,3.27,17.84,3004,16389,536
"FA20 Search 1J21 — Email 04",135,135,"http://youtube.com/user/USouthernMaine","810751",2020-01-23,"Junior","04",16425,18.29,99.78,3.27,17.84,3004,16389,536
"FA20 Search 1J21 — Email 04",26,75,"Unsubscribe","810751",2020-01-23,"Junior","04",16425,18.29,99.78,3.27,17.84,3004,16389,536
"FA20 Search 1J21 — Email 04",2,2,"http://usm.maine.edu/high-school-students","810751",2020-01-23,"Junior","04",16425,18.29,99.78,3.27,17.84,3004,16389,536
"FA20 Search 1J21 — Email 04",0,0,"http://click.e-usm.maine.edu/profile_center.aspx?s=%%ex2;subscriberid%%&mid=%%ex2;MemberID%%&j=fec91c717563017c&l=%%ex2;listid%%&jb=%%ex2;_JobSubscriberBatchID%%&ju=%%ex2;joburlid%%","810751",2020-01-23,"Junior","04",16425,18.29,99.78,3.27,17.84,3004,16389,536
"FA20 Search 1J21 — Email 04",0,0,"http://click.e-usm.maine.edu/unsub_center.aspx?s=%%ex2;subscriberid%%&j=fec91c717563017c&mid=%%ex2;MemberID%%&lid=%%ex2;listid%%&jb=%%ex2;_JobSubscriberBatchID%%&ju=%%ex2;joburlid%%","810751",2020-01-23,"Junior","04",16425,18.29,99.78,3.27,17.84,3004,16389,536
"FA20 Search 1J21 — Email 04",0,0,"http://linkedin.com/edu/school?id=18589","810751",2020-01-23,"Junior","04",16425,18.29,99.78,3.27,17.84,3004,16389,536
"FA20 Search 1J21 — Email 04",0,0,"http://view.e-usm.maine.edu/?j=fec91c717563017c&m=%%ex2;MemberID%%&ls=%%ex2;listsubid%%&l=%%ex2;listid%%&s=%%ex2;SubscriberID%%&jb=%%ex2;_JobSubscriberBatchID%%&ju=%%ex2;joburlid%%","810751",2020-01-23,"Junior","04",16425,18.29,99.78,3.27,17.84,3004,16389,536
"FA20 Search 1J21 — Email 04",0,0,"http://view.e-usm.maine.edu/ftaf.aspx?j=fec91c717563017c&m=%%ex2;MemberID%%&ls=%%ex2;listsubid%%&jb=%%ex2;_JobSubscriberBatchID%%","810751",2020-01-23,"Junior","04",16425,18.29,99.78,3.27,17.84,3004,16389,536
"FA20 Search 1J21 — Email 04",0,0,"https://facebook.com/usouthernmaine","810751",2020-01-23,"Junior","04",16425,18.29,99.78,3.27,17.84,3004,16389,536
"FA20 Search 1J21 — Email 04",0,0,"https://instagram.com/usouthernmaine","810751",2020-01-23,"Junior","04",16425,18.29,99.78,3.27,17.84,3004,16389,536
"FA20 Search 1J21 — Email 04",0,0,"https://twitter.com/usouthernmaine","810751",2020-01-23,"Junior","04",16425,18.29,99.78,3.27,17.84,3004,16389,536
"FA20 Search 1J21 — Email 04",0,0,"https://usm.maine.edu/high-school-students","810751",2020-01-23,"Junior","04",16425,18.29,99.78,3.27,17.84,3004,16389,536
"FA20 Search 1J21 — Email 04",0,0,"https://www.linkedin.com/school/university-of-southern-maine","810751",2020-01-23,"Junior","04",16425,18.29,99.78,3.27,17.84,3004,16389,536
"FA20 Search 1J21 — Email 04",0,0,"https://youtube.com/user/usouthernmaine","810751",2020-01-23,"Junior","04",16425,18.29,99.78,3.27,17.84,3004,16389,536
"FA20 Search 1J21 — Email 04",2476,2664,"Totals","810751",2020-01-23,"Junior","04",16425,18.29,99.78,3.27,17.84,3004,16389,536
"FA20 Search 1J21 — Email 05",210,235,"https://usm.maine.edu/office-of-admissions/contact-us?id=%%ContactId%%&k=%%AccessKey%%","832590",2020-02-06,"Junior","05",16371,16.7,99.82,1.53,9.14,2734,16342,250
"FA20 Search 1J21 — Email 05",17,48,"Unsubscribe","832590",2020-02-06,"Junior","05",16371,16.7,99.82,1.53,9.14,2734,16342,250
"FA20 Search 1J21 — Email 05",8,11,"https://usm.maine.edu/visit#virtualtour","832590",2020-02-06,"Junior","05",16371,16.7,99.82,1.53,9.14,2734,16342,250
"FA20 Search 1J21 — Email 05",6,16,"http://usm.maine.edu","832590",2020-02-06,"Junior","05",16371,16.7,99.82,1.53,9.14,2734,16342,250
"FA20 Search 1J21 — Email 05",5,7,"http://view.e-usm.maine.edu/?j=fec41c7377610d7d&m=%%ex2;MemberID%%&ls=%%ex2;listsubid%%&l=%%ex2;listid%%&s=%%ex2;SubscriberID%%&jb=%%ex2;_JobSubscriberBatchID%%&ju=%%ex2;joburlid%%","832590",2020-02-06,"Junior","05",16371,16.7,99.82,1.53,9.14,2734,16342,250
"FA20 Search 1J21 — Email 05",4,14,"https://usm.maine.edu/sustainability/ecorep","832590",2020-02-06,"Junior","05",16371,16.7,99.82,1.53,9.14,2734,16342,250
"FA20 Search 1J21 — Email 05",4,14,"https://usm.maine.edu/sustainability/recycling","832590",2020-02-06,"Junior","05",16371,16.7,99.82,1.53,9.14,2734,16342,250
"FA20 Search 1J21 — Email 05",4,4,"https://usm.maine.edu/environmental-science/overview","832590",2020-02-06,"Junior","05",16371,16.7,99.82,1.53,9.14,2734,16342,250
"FA20 Search 1J21 — Email 05",2,2,"https://usm.maine.edu/office-of-admissions/new-england-regional-tuition-program","832590",2020-02-06,"Junior","05",16371,16.7,99.82,1.53,9.14,2734,16342,250
"FA20 Search 1J21 — Email 05",1,5,"http://facebook.com/USouthernMaine","832590",2020-02-06,"Junior","05",16371,16.7,99.82,1.53,9.14,2734,16342,250
"FA20 Search 1J21 — Email 05",1,3,"https://usm.maine.edu/maps-parking-transportation/bus","832590",2020-02-06,"Junior","05",16371,16.7,99.82,1.53,9.14,2734,16342,250
"FA20 Search 1J21 — Email 05",1,2,"http://instagram.com/USouthernMaine","832590",2020-02-06,"Junior","05",16371,16.7,99.82,1.53,9.14,2734,16342,250
"FA20 Search 1J21 — Email 05",1,2,"http://linkedin.com/edu/school?id=18589","832590",2020-02-06,"Junior","05",16371,16.7,99.82,1.53,9.14,2734,16342,250
"FA20 Search 1J21 — Email 05",1,2,"http://usm.maine.edu/high-school-students","832590",2020-02-06,"Junior","05",16371,16.7,99.82,1.53,9.14,2734,16342,250
"FA20 Search 1J21 — Email 05",1,2,"http://youtube.com/user/USouthernMaine","832590",2020-02-06,"Junior","05",16371,16.7,99.82,1.53,9.14,2734,16342,250
"FA20 Search 1J21 — Email 05",1,2,"https://usm.maine.edu/sustainability/sustainable-landscapes","832590",2020-02-06,"Junior","05",16371,16.7,99.82,1.53,9.14,2734,16342,250
"FA20 Search 1J21 — Email 05",0,0,"http://click.e-usm.maine.edu/profile_center.aspx?s=%%ex2;subscriberid%%&mid=%%ex2;MemberID%%&j=fec41c7377610d7d&l=%%ex2;listid%%&jb=%%ex2;_JobSubscriberBatchID%%&ju=%%ex2;joburlid%%","832590",2020-02-06,"Junior","05",16371,16.7,99.82,1.53,9.14,2734,16342,250
"FA20 Search 1J21 — Email 05",0,0,"http://click.e-usm.maine.edu/unsub_center.aspx?s=%%ex2;subscriberid%%&j=fec41c7377610d7d&mid=%%ex2;MemberID%%&lid=%%ex2;listid%%&jb=%%ex2;_JobSubscriberBatchID%%&ju=%%ex2;joburlid%%","832590",2020-02-06,"Junior","05",16371,16.7,99.82,1.53,9.14,2734,16342,250
"FA20 Search 1J21 — Email 05",0,0,"http://twitter.com/USouthernMaine","832590",2020-02-06,"Junior","05",16371,16.7,99.82,1.53,9.14,2734,16342,250
"FA20 Search 1J21 — Email 05",0,0,"http://view.e-usm.maine.edu/ftaf.aspx?j=fec41c7377610d7d&m=%%ex2;MemberID%%&ls=%%ex2;listsubid%%&jb=%%ex2;_JobSubscriberBatchID%%","832590",2020-02-06,"Junior","05",16371,16.7,99.82,1.53,9.14,2734,16342,250
"FA20 Search 1J21 — Email 05",0,0,"https://facebook.com/usouthernmaine","832590",2020-02-06,"Junior","05",16371,16.7,99.82,1.53,9.14,2734,16342,250
"FA20 Search 1J21 — Email 05",0,0,"https://instagram.com/usouthernmaine","832590",2020-02-06,"Junior","05",16371,16.7,99.82,1.53,9.14,2734,16342,250
"FA20 Search 1J21 — Email 05",0,0,"https://twitter.com/usouthernmaine","832590",2020-02-06,"Junior","05",16371,16.7,99.82,1.53,9.14,2734,16342,250
"FA20 Search 1J21 — Email 05",0,0,"https://usm.maine.edu/high-school-students","832590",2020-02-06,"Junior","05",16371,16.7,99.82,1.53,9.14,2734,16342,250
"FA20 Search 1J21 — Email 05",0,0,"https://www.linkedin.com/school/university-of-southern-maine","832590",2020-02-06,"Junior","05",16371,16.7,99.82,1.53,9.14,2734,16342,250
"FA20 Search 1J21 — Email 05",0,0,"https://youtube.com/user/usouthernmaine","832590",2020-02-06,"Junior","05",16371,16.7,99.82,1.53,9.14,2734,16342,250
"FA20 Search 1J21 — Email 05",267,369,"Totals","832590",2020-02-06,"Junior","05",16371,16.7,99.82,1.53,9.14,2734,16342,250
"FA20 Search 1J21 — Email 06",219,234,"https://usm.maine.edu/office-of-admissions/contact-us?id=%%ContactId%%&k=%%AccessKey%%","877523",2020-03-04,"Junior","06",16747,17.1,97.49,1.58,9.01,2864,16327,258
"FA20 Search 1J21 — Email 06",23,69,"Unsubscribe","877523",2020-03-04,"Junior","06",16747,17.1,97.49,1.58,9.01,2864,16327,258
"FA20 Search 1J21 — Email 06",5,15,"https://usm.maine.edu/office-of-admissions/video-partnership-iceland-universities","877523",2020-03-04,"Junior","06",16747,17.1,97.49,1.58,9.01,2864,16327,258
"FA20 Search 1J21 — Email 06",5,5,"https://usm.maine.edu/office-of-admissions/new-england-regional-tuition-program","877523",2020-03-04,"Junior","06",16747,17.1,97.49,1.58,9.01,2864,16327,258
"FA20 Search 1J21 — Email 06",4,14,"http://usm.maine.edu","877523",2020-03-04,"Junior","06",16747,17.1,97.49,1.58,9.01,2864,16327,258
"FA20 Search 1J21 — Email 06",4,14,"https://usm.maine.edu/international/study-abroad","877523",2020-03-04,"Junior","06",16747,17.1,97.49,1.58,9.01,2864,16327,258
"FA20 Search 1J21 — Email 06",3,3,"https://usm.maine.edu/honors/honors-abroad-overview","877523",2020-03-04,"Junior","06",16747,17.1,97.49,1.58,9.01,2864,16327,258
"FA20 Search 1J21 — Email 06",3,3,"https://usm.maine.edu/visit#virtualtour","877523",2020-03-04,"Junior","06",16747,17.1,97.49,1.58,9.01,2864,16327,258
"FA20 Search 1J21 — Email 06",3,3,"https://usm.secure.force.com/events/#/esr?cid=%%ContactId%%&k=%%AccessKey%%&eid=a0P3k00000gO4C4EAK","877523",2020-03-04,"Junior","06",16747,17.1,97.49,1.58,9.01,2864,16327,258
"FA20 Search 1J21 — Email 06",2,2,"http://facebook.com/USouthernMaine","877523",2020-03-04,"Junior","06",16747,17.1,97.49,1.58,9.01,2864,16327,258
"FA20 Search 1J21 — Email 06",2,2,"http://usm.maine.edu/high-school-students","877523",2020-03-04,"Junior","06",16747,17.1,97.49,1.58,9.01,2864,16327,258
"FA20 Search 1J21 — Email 06",1,1,"http://instagram.com/USouthernMaine","877523",2020-03-04,"Junior","06",16747,17.1,97.49,1.58,9.01,2864,16327,258
"FA20 Search 1J21 — Email 06",1,1,"http://linkedin.com/edu/school?id=18589","877523",2020-03-04,"Junior","06",16747,17.1,97.49,1.58,9.01,2864,16327,258
"FA20 Search 1J21 — Email 06",1,1,"http://twitter.com/USouthernMaine","877523",2020-03-04,"Junior","06",16747,17.1,97.49,1.58,9.01,2864,16327,258
"FA20 Search 1J21 — Email 06",1,1,"http://view.e-usm.maine.edu/?j=febf1c777261067e&m=%%ex2;MemberID%%&ls=%%ex2;listsubid%%&l=%%ex2;listid%%&s=%%ex2;SubscriberID%%&jb=%%ex2;_JobSubscriberBatchID%%&ju=%%ex2;joburlid%%","877523",2020-03-04,"Junior","06",16747,17.1,97.49,1.58,9.01,2864,16327,258
"FA20 Search 1J21 — Email 06",1,1,"http://youtube.com/user/USouthernMaine","877523",2020-03-04,"Junior","06",16747,17.1,97.49,1.58,9.01,2864,16327,258
"FA20 Search 1J21 — Email 06",0,0,"http://click.e-usm.maine.edu/profile_center.aspx?s=%%ex2;subscriberid%%&mid=%%ex2;MemberID%%&j=febf1c777261067e&l=%%ex2;listid%%&jb=%%ex2;_JobSubscriberBatchID%%&ju=%%ex2;joburlid%%","877523",2020-03-04,"Junior","06",16747,17.1,97.49,1.58,9.01,2864,16327,258
"FA20 Search 1J21 — Email 06",0,0,"http://click.e-usm.maine.edu/unsub_center.aspx?s=%%ex2;subscriberid%%&j=febf1c777261067e&mid=%%ex2;MemberID%%&lid=%%ex2;listid%%&jb=%%ex2;_JobSubscriberBatchID%%&ju=%%ex2;joburlid%%","877523",2020-03-04,"Junior","06",16747,17.1,97.49,1.58,9.01,2864,16327,258
"FA20 Search 1J21 — Email 06",0,0,"http://view.e-usm.maine.edu/ftaf.aspx?j=febf1c777261067e&m=%%ex2;MemberID%%&ls=%%ex2;listsubid%%&jb=%%ex2;_JobSubscriberBatchID%%","877523",2020-03-04,"Junior","06",16747,17.1,97.49,1.58,9.01,2864,16327,258
"FA20 Search 1J21 — Email 06",0,0,"https://facebook.com/usouthernmaine","877523",2020-03-04,"Junior","06",16747,17.1,97.49,1.58,9.01,2864,16327,258
"FA20 Search 1J21 — Email 06",0,0,"https://instagram.com/usouthernmaine","877523",2020-03-04,"Junior","06",16747,17.1,97.49,1.58,9.01,2864,16327,258
"FA20 Search 1J21 — Email 06",0,0,"https://twitter.com/usouthernmaine","877523",2020-03-04,"Junior","06",16747,17.1,97.49,1.58,9.01,2864,16327,258
"FA20 Search 1J21 — Email 06",0,0,"https://usm.maine.edu/high-school-students","877523",2020-03-04,"Junior","06",16747,17.1,97.49,1.58,9.01,2864,16327,258
"FA20 Search 1J21 — Email 06",0,0,"https://usm.maine.edu/office-of-admissions/partnership-between-usm-and-iceland-universities","877523",2020-03-04,"Junior","06",16747,17.1,97.49,1.58,9.01,2864,16327,258
"FA20 Search 1J21 — Email 06",0,0,"https://www.linkedin.com/school/university-of-southern-maine","877523",2020-03-04,"Junior","06",16747,17.1,97.49,1.58,9.01,2864,16327,258
"FA20 Search 1J21 — Email 06",0,0,"https://youtube.com/user/usouthernmaine","877523",2020-03-04,"Junior","06",16747,17.1,97.49,1.58,9.01,2864,16327,258
"FA20 Search 1J21 — Email 06",278,369,"Totals","877523",2020-03-04,"Junior","06",16747,17.1,97.49,1.58,9.01,2864,16327,258
"FA20 Search 1J21 — Email 07",216,229,"https://usm.maine.edu/office-of-admissions/contact-us?id=%%ContactId%%&k=%%AccessKey%%","890524",2020-03-11,"Junior","07",16693,17.18,97.55,1.53,8.68,2868,16284,249
"FA20 Search 1J21 — Email 07",21,65,"Unsubscribe","890524",2020-03-11,"Junior","07",16693,17.18,97.55,1.53,8.68,2868,16284,249
"FA20 Search 1J21 — Email 07",7,17,"https://usm.maine.edu/office-of-admissions/new-england-regional-tuition-program","890524",2020-03-11,"Junior","07",16693,17.18,97.55,1.53,8.68,2868,16284,249
"FA20 Search 1J21 — Email 07",4,14,"http://usm.maine.edu","890524",2020-03-11,"Junior","07",16693,17.18,97.55,1.53,8.68,2868,16284,249
"FA20 Search 1J21 — Email 07",4,11,"https://usm.maine.edu/advising/fifteen-finish","890524",2020-03-11,"Junior","07",16693,17.18,97.55,1.53,8.68,2868,16284,249
"FA20 Search 1J21 — Email 07",3,8,"https://usm.secure.force.com/events/#/esr?cid=%%ContactId%%&k=%%AccessKey%%&eid=a0P3k00000gO4C4EAK","890524",2020-03-11,"Junior","07",16693,17.18,97.55,1.53,8.68,2868,16284,249
"FA20 Search 1J21 — Email 07",3,3,"https://usm.maine.edu/visit#virtualtour","890524",2020-03-11,"Junior","07",16693,17.18,97.55,1.53,8.68,2868,16284,249
"FA20 Search 1J21 — Email 07",2,7,"https://usm.maine.edu/advising/services","890524",2020-03-11,"Junior","07",16693,17.18,97.55,1.53,8.68,2868,16284,249
"FA20 Search 1J21 — Email 07",2,7,"https://usm.maine.edu/core/usm-core-curriculum#sequencing","890524",2020-03-11,"Junior","07",16693,17.18,97.55,1.53,8.68,2868,16284,249
"FA20 Search 1J21 — Email 07",2,2,"http://view.e-usm.maine.edu/?j=fec31c7975610679&m=%%ex2;MemberID%%&ls=%%ex2;listsubid%%&l=%%ex2;listid%%&s=%%ex2;SubscriberID%%&jb=%%ex2;_JobSubscriberBatchID%%&ju=%%ex2;joburlid%%","890524",2020-03-11,"Junior","07",16693,17.18,97.55,1.53,8.68,2868,16284,249
"FA20 Search 1J21 — Email 07",1,1,"http://click.e-usm.maine.edu/profile_center.aspx?s=%%ex2;subscriberid%%&mid=%%ex2;MemberID%%&j=fec31c7975610679&l=%%ex2;listid%%&jb=%%ex2;_JobSubscriberBatchID%%&ju=%%ex2;joburlid%%","890524",2020-03-11,"Junior","07",16693,17.18,97.55,1.53,8.68,2868,16284,249
"FA20 Search 1J21 — Email 07",1,1,"http://facebook.com/USouthernMaine","890524",2020-03-11,"Junior","07",16693,17.18,97.55,1.53,8.68,2868,16284,249
"FA20 Search 1J21 — Email 07",1,1,"http://instagram.com/USouthernMaine","890524",2020-03-11,"Junior","07",16693,17.18,97.55,1.53,8.68,2868,16284,249
"FA20 Search 1J21 — Email 07",1,1,"http://twitter.com/USouthernMaine","890524",2020-03-11,"Junior","07",16693,17.18,97.55,1.53,8.68,2868,16284,249
"FA20 Search 1J21 — Email 07",1,1,"http://usm.maine.edu/high-school-students","890524",2020-03-11,"Junior","07",16693,17.18,97.55,1.53,8.68,2868,16284,249
"FA20 Search 1J21 — Email 07",0,0,"http://click.e-usm.maine.edu/unsub_center.aspx?s=%%ex2;subscriberid%%&j=fec31c7975610679&mid=%%ex2;MemberID%%&lid=%%ex2;listid%%&jb=%%ex2;_JobSubscriberBatchID%%&ju=%%ex2;joburlid%%","890524",2020-03-11,"Junior","07",16693,17.18,97.55,1.53,8.68,2868,16284,249
"FA20 Search 1J21 — Email 07",0,0,"http://linkedin.com/edu/school?id=18589","890524",2020-03-11,"Junior","07",16693,17.18,97.55,1.53,8.68,2868,16284,249
"FA20 Search 1J21 — Email 07",0,0,"http://view.e-usm.maine.edu/ftaf.aspx?j=fec31c7975610679&m=%%ex2;MemberID%%&ls=%%ex2;listsubid%%&jb=%%ex2;_JobSubscriberBatchID%%","890524",2020-03-11,"Junior","07",16693,17.18,97.55,1.53,8.68,2868,16284,249
"FA20 Search 1J21 — Email 07",0,0,"http://youtube.com/user/USouthernMaine","890524",2020-03-11,"Junior","07",16693,17.18,97.55,1.53,8.68,2868,16284,249
"FA20 Search 1J21 — Email 07",0,0,"https://facebook.com/usouthernmaine","890524",2020-03-11,"Junior","07",16693,17.18,97.55,1.53,8.68,2868,16284,249
"FA20 Search 1J21 — Email 07",0,0,"https://instagram.com/usouthernmaine","890524",2020-03-11,"Junior","07",16693,17.18,97.55,1.53,8.68,2868,16284,249
"FA20 Search 1J21 — Email 07",0,0,"https://twitter.com/usouthernmaine","890524",2020-03-11,"Junior","07",16693,17.18,97.55,1.53,8.68,2868,16284,249
"FA20 Search 1J21 — Email 07",0,0,"https://usm.maine.edu/high-school-students","890524",2020-03-11,"Junior","07",16693,17.18,97.55,1.53,8.68,2868,16284,249
"FA20 Search 1J21 — Email 07",0,0,"https://www.linkedin.com/school/university-of-southern-maine","890524",2020-03-11,"Junior","07",16693,17.18,97.55,1.53,8.68,2868,16284,249
"FA20 Search 1J21 — Email 07",0,0,"https://youtube.com/user/usouthernmaine","890524",2020-03-11,"Junior","07",16693,17.18,97.55,1.53,8.68,2868,16284,249
"FA20 Search 1J21 — Email 07",269,368,"Totals","890524",2020-03-11,"Junior","07",16693,17.18,97.55,1.53,8.68,2868,16284,249
